language	count_id	segment_id	error_type	error_position	src	ref	mt	reject
zh	1	2	Omission	head	Like some other experts, he is skeptical about whether diabetes can be cured, noting that these findings have no relevance to people who already have Type 1 diabetes.	和其他一些专家一样，他对糖尿病能否治愈持怀疑态度。他指出，这些发现与已患有 1 型糖尿病的人无关。	和其他一些专家一样，他对糖尿病能否治愈<v></v>。他指出，这些发现与已患有 1 型糖尿病的人无关。	 
zh	2	2	Omission	end	Like some other experts, he is skeptical about whether diabetes can be cured, noting that these findings have no relevance to people who already have Type 1 diabetes.	和其他一些专家一样，他对糖尿病能否治愈持怀疑态度。他指出，这些发现与已患有 1 型糖尿病的人无关。	和其他一些专家一样，他对糖尿病能否治愈持怀疑态度。他指出，<v></v>与已患有 1 型糖尿病的人无关。	 
zh	3	10	Omission	head	While one experimental vaccine appears able to reduce Ebola mortality, up until now, no drugs have been clearly demonstrated suitable for treating existing infection.	虽然有一种实验性疫苗看似能够降低埃博拉病毒的死亡率，但迄今为止，还没明确证明任何药物适合治疗现有的感染。	虽然有一种实验性疫苗看似能够<v></v>，但迄今为止，还没明确证明任何药物适合治疗现有的感染。	 
zh	4	10	Omission	end	While one experimental vaccine appears able to reduce Ebola mortality, up until now, no drugs have been clearly demonstrated suitable for treating existing infection.	虽然有一种实验性疫苗看似能够降低埃博拉病毒的死亡率，但迄今为止，还没明确证明任何药物适合治疗现有的感染。	虽然有一种实验性疫苗看似能够降低埃博拉病毒的死亡率，但迄今为止，还没明确证明任何药物<v></v>现有的感染。	 
zh	5	14	Omission	head	We agree with the USOC's statement that the interests of our athletes and clubs, and their sport, may be better served by moving forward with meaningful change within our organization, rather than decertification.	我们同意美国奥委会的声明，与其吊销执照，不如在我们组织内部继续推进有意义的变革，可能更有利于维护运动员和俱乐部的利益及其运动。	我们同意美国奥委会的声明，与其<v></v>不如在我们组织内部继续推进有意义的变革，可能更有利于维护运动员和俱乐部的利益及其运动。	 
zh	6	14	Omission	end	We agree with the USOC's statement that the interests of our athletes and clubs, and their sport, may be better served by moving forward with meaningful change within our organization, rather than decertification.	我们同意美国奥委会的声明，与其吊销执照，不如在我们组织内部继续推进有意义的变革，可能更有利于维护运动员和俱乐部的利益及其运动。	我们同意美国奥委会的声明，与其吊销执照，不如在我们组织内部继续推进有意义的变革，可能更有利于<v></v>及其运动。	 
zh	7	27	Omission	head	This not only confirms that at least some dinosaurs had feathers, a theory already widespread, but provides details fossils generally cannot, such as color and three-dimensional arrangement.	这不仅证实了至少有些恐龙有羽毛——这一理论已经广为流传——而且还提供了化石通常无法提供的细节，比如颜色和三维排列。	这不仅证实了<v></v>——这一理论已经广为流传——而且还提供了化石通常无法提供的细节，比如颜色和三维排列。	 
zh	8	27	Omission	end	This not only confirms that at least some dinosaurs had feathers, a theory already widespread, but provides details fossils generally cannot, such as color and three-dimensional arrangement.	这不仅证实了至少有些恐龙有羽毛——这一理论已经广为流传——而且还提供了化石通常无法提供的细节，比如颜色和三维排列。	这不仅证实了至少有些恐龙有羽毛——这一理论已经广为流传——而且还提供了化石通常无法提供的细节，比如<v></v>。	 
zh	9	30	Omission	head	Because the dinosaur feathers do not have a well-developed shaft, called a rachis, but do have other features of feathers — barbs and barbules — the researchers inferred the rachis was likely a later evolutionary development that these other features.	恐龙的羽毛并没有发育良好的主干——这称为“羽轴”，但还是有羽毛的其他特征，比如羽枝和羽小枝，研究人员推断羽轴的进化可能比这些其他特征晚。	恐龙的羽毛并没有发育良好的主干——这称为“羽轴”，但还是有<v></v>特征，比如羽枝和羽小枝，研究人员推断羽轴的进化可能比这些其他特征晚。	 
zh	10	30	Omission	end	Because the dinosaur feathers do not have a well-developed shaft, called a rachis, but do have other features of feathers — barbs and barbules — the researchers inferred the rachis was likely a later evolutionary development that these other features.	恐龙的羽毛并没有发育良好的主干——这称为“羽轴”，但还是有羽毛的其他特征，比如羽枝和羽小枝，研究人员推断羽轴的进化可能比这些其他特征晚。	恐龙的羽毛并没有发育良好的主干——这称为“羽轴”，但还是有羽毛的其他特征，比如<v></v>，研究人员推断羽轴的进化可能比这些其他特征晚。	 
zh	11	31	Omission	head	The feathers' structure suggests that they were not used in flight but rather for temperature regulation or display. The researchers suggested that, even though this is the tail of a young dinosaur, the sample shows adult plumage and not a chick's down.	羽毛的结构表明它们不是用来飞行的，而是用来调节温度或炫耀的。研究人员认为，尽管这是一只年轻恐龙的尾巴，但样本显示的是成熟的羽衣，而不是幼崽的羽毛。	羽毛的结构表明它们<v></v>，而是用来调节温度或炫耀的。研究人员认为，尽管这是一只年轻恐龙的尾巴，但样本显示的是成熟的羽衣，而不是幼崽的羽毛。	 
zh	12	31	Omission	end	The feathers' structure suggests that they were not used in flight but rather for temperature regulation or display. The researchers suggested that, even though this is the tail of a young dinosaur, the sample shows adult plumage and not a chick's down.	羽毛的结构表明它们不是用来飞行的，而是用来调节温度或炫耀的。研究人员认为，尽管这是一只年轻恐龙的尾巴，但样本显示的是成熟的羽衣，而不是幼崽的羽毛。	羽毛的结构表明它们不是用来飞行的，而是用来调节温度或炫耀的。研究人员认为，尽管这是一只年轻恐龙的尾巴，但<v></v>成熟的羽衣，而不是幼崽的羽毛。	 
zh	13	51	Omission	head	It warns No one can guarantee that any course of action in Iraq at this point will stop sectarian warfare, growing violence, or a slide toward chaos.	报告警告称，没有人能保证目前在伊拉克采取的任何行动能够阻止宗派战争、不断增长的暴力或走向混乱。	报告警告称，没有人能保证<v></v>采取的任何行动能够阻止宗派战争、不断增长的暴力或走向混乱。	 
zh	14	51	Omission	end	It warns No one can guarantee that any course of action in Iraq at this point will stop sectarian warfare, growing violence, or a slide toward chaos.	报告警告称，没有人能保证目前在伊拉克采取的任何行动能够阻止宗派战争、不断增长的暴力或走向混乱。	报告警告称，没有人能保证目前在伊拉克采取的任何行动能够<v></v>不断增长的暴力或走向混乱。	 
zh	15	54	Omission	head	First among its 78 recommendations is that a new diplomatic initiative should be taken before the end of this year to secure Iraq’s borders against hostile interventions and to re-establish diplomatic relations with its neighbors.	在这份报告的 78 项建议中，第一条建议是在今年年底之前采取新的外交行动，目的在于保护伊拉克的边界免受敌对势力的侵害，并与邻国重建外交关系。	在这份报告的 78 项建议中，第一条建议是在今年年底之前<v></v>，目的在于保护伊拉克的边界免受敌对势力的侵害，并与邻国重建外交关系。	 
zh	16	54	Omission	end	First among its 78 recommendations is that a new diplomatic initiative should be taken before the end of this year to secure Iraq’s borders against hostile interventions and to re-establish diplomatic relations with its neighbors.	在这份报告的 78 项建议中，第一条建议是在今年年底之前采取新的外交行动，目的在于保护伊拉克的边界免受敌对势力的侵害，并与邻国重建外交关系。	在这份报告的 78 项建议中，第一条建议是在今年年底之前采取新的外交行动，目的在于<v></v>免受敌对势力的侵害，并与邻国重建外交关系。	 
zh	17	63	Omission	head	Historians have criticized past FBI policies for focusing resources on cases which are easy to solve, especially stolen car cases, with the intent of boosting the agency's success rate.	历史学家批判了联邦调查局的过往政策，这种政策会把资源集中到容易破获的案件上，尤以偷车案件居多，目的只在于提高该机构的成功破案率。	历史学家批判了<v></v>，这种政策会把资源集中到容易破获的案件上，尤以偷车案件居多，目的只在于提高该机构的成功破案率。	 
zh	18	63	Omission	end	Historians have criticized past FBI policies for focusing resources on cases which are easy to solve, especially stolen car cases, with the intent of boosting the agency's success rate.	历史学家批判了联邦调查局的过往政策，这种政策会把资源集中到容易破获的案件上，尤以偷车案件居多，目的只在于提高该机构的成功破案率。	历史学家批判了联邦调查局的过往政策，这种政策会把资源集中到容易破获的案件上，<v></v>目的只在于提高该机构的成功破案率。	 
zh	19	86	Omission	head	"He [Wales] basically lied to us from the start. First, by acting as if this was for legal reasons. Second, by pretending he was listening to us, right up to his art deletion."	“说穿了，他[威尔斯]从一开始就对我们撒谎。首先，他表现得好像是出于法律原因才这么做。其次，他先是假装听取我们的意见，然后直接删除了这些艺术作品。”	“说穿了，他[威尔斯]从一开始就对我们撒谎。首先，他表现得好像是<v></v>才这么做。其次，他先是假装听取我们的意见，然后直接删除了这些艺术作品。”	 
zh	20	86	Omission	end	"He [Wales] basically lied to us from the start. First, by acting as if this was for legal reasons. Second, by pretending he was listening to us, right up to his art deletion."	“说穿了，他[威尔斯]从一开始就对我们撒谎。首先，他表现得好像是出于法律原因才这么做。其次，他先是假装听取我们的意见，然后直接删除了这些艺术作品。”	“说穿了，他[威尔斯]从一开始就对我们撒谎。首先，他表现得好像是出于法律原因才这么做。其次，他先是假装<v></v>，然后直接删除了这些艺术作品。”	 
zh	21	87	Omission	head	The community irritation led to current efforts to draft a policy regarding sexual content for the site which hosts millions of openly-licensed media.	由于民愤，目前正在针对该网站的性内容起草相关政策。该网站拥有数百万个获得公共传播许可的媒体。	由于民愤，目前正在<v></v>起草相关政策。该网站拥有数百万个获得公共传播许可的媒体。	 
zh	22	87	Omission	end	The community irritation led to current efforts to draft a policy regarding sexual content for the site which hosts millions of openly-licensed media.	由于民愤，目前正在针对该网站的性内容起草相关政策。该网站拥有数百万个获得公共传播许可的媒体。	由于民愤，目前正在针对该网站的性内容起草相关政策。该网站拥有<v></v>获得公共传播许可的媒体。	 
zh	23	101	Omission	head	However, the percentage of XDR-TB in the entire group of people with tuberculosis still seems to be low; 6,000 of the total 330,000 people infected at any particular moment in South Africa.	然而，广泛耐药结核病在整个结核病患者群体中所占的比例似乎仍然很低；在南非，在任意特定时刻，总计 33 万人中只有 6000 人感染。	然而，<v></v>在整个结核病患者群体中所占的比例似乎仍然很低；在南非，在任意特定时刻，总计 33 万人中只有 6000 人感染。	 
zh	24	101	Omission	end	However, the percentage of XDR-TB in the entire group of people with tuberculosis still seems to be low; 6,000 of the total 330,000 people infected at any particular moment in South Africa.	然而，广泛耐药结核病在整个结核病患者群体中所占的比例似乎仍然很低；在南非，在任意特定时刻，总计 33 万人中只有 6000 人感染。	然而，广泛耐药结核病在整个结核病患者群体中所占的比例似乎仍然很低；在南非，在任意特定时刻，<v></v>只有 6000 人感染。	 
zh	25	114	Omission	head	The outbreak has prompted the Indian government to undertake such measures as deployment of pig catchers in seriously affected areas, distributing thousands of mosquito curtains and spraying pesticides.	这场疫情促使印度政府采取一些措施，比如在严重感染地区放置捕猪器、派发数千个蚊帐并喷洒杀虫剂。	这场疫情促使<v></v>采取一些措施，比如在严重感染地区放置捕猪器、派发数千个蚊帐并喷洒杀虫剂。	 
zh	26	114	Omission	end	The outbreak has prompted the Indian government to undertake such measures as deployment of pig catchers in seriously affected areas, distributing thousands of mosquito curtains and spraying pesticides.	这场疫情促使印度政府采取一些措施，比如在严重感染地区放置捕猪器、派发数千个蚊帐并喷洒杀虫剂。	这场疫情促使印度政府采取一些措施，比如在严重感染地区放置捕猪器、<v></v>并喷洒杀虫剂。	 
zh	27	116	Omission	head	Plans for vaccines to be delivered to the historically most affected areas this year were delayed due to lack of funds and low prioritisation relative to other diseases.	由于缺乏资金，且与其他疾病相比优先级较低，今年向历史上疫情最严重的地区提供疫苗的计划被推迟了。	由于缺乏资金，且<v></v>优先级较低，今年向历史上疫情最严重的地区提供疫苗的计划被推迟了。	 
zh	28	116	Omission	end	Plans for vaccines to be delivered to the historically most affected areas this year were delayed due to lack of funds and low prioritisation relative to other diseases.	由于缺乏资金，且与其他疾病相比优先级较低，今年向历史上疫情最严重的地区提供疫苗的计划被推迟了。	由于缺乏资金，且与其他疾病相比优先级较低，今年向历史上疫情最严重的地区<v></v>被推迟了。	 
zh	29	119	Omission	head	His work is of such recognized quality and detail that he is one of the very few "household names" among philatelists. Some specialize in collecting his work alone.	他的作品极具辨识度，拥有高质量和丰富的细节，这也使得他成为了极少数在集邮人士中“家喻户晓”的人物之一。有些人专门收集他的作品。	他的作品极具辨识度，<v></v>这也使得他成为了极少数在集邮人士中“家喻户晓”的人物之一。有些人专门收集他的作品。	 
zh	30	119	Omission	end	His work is of such recognized quality and detail that he is one of the very few "household names" among philatelists. Some specialize in collecting his work alone.	他的作品极具辨识度，拥有高质量和丰富的细节，这也使得他成为了极少数在集邮人士中“家喻户晓”的人物之一。有些人专门收集他的作品。	他的作品极具辨识度，拥有高质量和丰富的细节，这也使得他成为了极少数在集邮人士中<v></v>的人物之一。有些人专门收集他的作品。	 
zh	31	127	Omission	head	Other subjects on the agenda in Bali include saving the world's remaining forests, and sharing technologies to help developing nations grow in less-polluting ways.	巴厘岛会议议程中的其他议题还包括拯救世界上现存的森林，分享技术以帮助发展中国家以污染较少的方式发展。	巴厘岛会议议程中的其他议题还包括拯救世界上<v></v>，分享技术以帮助发展中国家以污染较少的方式发展。	 
zh	32	127	Omission	end	Other subjects on the agenda in Bali include saving the world's remaining forests, and sharing technologies to help developing nations grow in less-polluting ways.	巴厘岛会议议程中的其他议题还包括拯救世界上现存的森林，分享技术以帮助发展中国家以污染较少的方式发展。	巴厘岛会议议程中的其他议题还包括拯救世界上现存的森林，<v></v>以帮助发展中国家以污染较少的方式发展。	 
zh	33	131	Omission	head	She came to this conclusion due to the multitude of positive comments and encouragement sent to her by both female and male individuals urging that contraception medication be considered a medical necessity.	她之所以得出这个结论，是因为有许多男女个人发给她积极评价和鼓励，竭力主张将避孕药视为医疗必需品。	她之所以得出这个结论，是因为有<v></v>发给她积极评价和鼓励，竭力主张将避孕药视为医疗必需品。	 
zh	34	131	Omission	end	She came to this conclusion due to the multitude of positive comments and encouragement sent to her by both female and male individuals urging that contraception medication be considered a medical necessity.	她之所以得出这个结论，是因为有许多男女个人发给她积极评价和鼓励，竭力主张将避孕药视为医疗必需品。	她之所以得出这个结论，是因为有许多男女个人发给她积极评价和鼓励，<v></v>将避孕药视为医疗必需品。	 
zh	35	141	Omission	head	No tsunami warning has been issued, and according to the Jakarta geophysics agency, no tsunami warning will be issued because the quake did not meet the magnitude 6.5 requirement.	目前还没有发布海啸预警。根据雅加达地质局的说法，由于此次地震没有达到 6.5 级，因此不会发布海啸预警。	目前还没有发布海啸预警。<v></v>由于此次地震没有达到 6.5 级，因此不会发布海啸预警。	 
zh	36	141	Omission	end	No tsunami warning has been issued, and according to the Jakarta geophysics agency, no tsunami warning will be issued because the quake did not meet the magnitude 6.5 requirement.	目前还没有发布海啸预警。根据雅加达地质局的说法，由于此次地震没有达到 6.5 级，因此不会发布海啸预警。	目前还没有发布海啸预警。根据雅加达地质局的说法，由于此次地震<v></v>，因此不会发布海啸预警。	 
zh	37	152	Omission	head	The games kicked off at 10:00am with great weather and apart from mid morning drizzle which quickly cleared up, it was a perfect day for 7's rugby.	比赛于上午 10 点开始。天气很好，上午有毛毛雨，很快就放晴了。这样的天气对七人制橄榄球来说十分完美。	比赛于<v></v>开始。天气很好，上午有毛毛雨，很快就放晴了。这样的天气对七人制橄榄球来说十分完美。	 
zh	38	152	Omission	end	The games kicked off at 10:00am with great weather and apart from mid morning drizzle which quickly cleared up, it was a perfect day for 7's rugby.	比赛于上午 10 点开始。天气很好，上午有毛毛雨，很快就放晴了。这样的天气对七人制橄榄球来说十分完美。	比赛于上午 10 点开始。天气很好，上午有毛毛雨，很快就放晴了。<v></v>对七人制橄榄球来说十分完美。	TRUE
zh	39	155	Omission	head	Their disciplined defence, ball handling skills and excellent team work made them stand out and it was clear that this was the team to beat.	他们因其严格防守、控球技术和出色的团队合作脱颖而出。很显然，这是一支无往不胜的球队。	他们因其严格防守、<v></v>和出色的团队合作脱颖而出。很显然，这是一支无往不胜的球队。	 
zh	40	155	Omission	end	Their disciplined defence, ball handling skills and excellent team work made them stand out and it was clear that this was the team to beat.	他们因其严格防守、控球技术和出色的团队合作脱颖而出。很显然，这是一支无往不胜的球队。	他们因其严格防守、控球技术和出色的团队合作脱颖而出。很显然，<v></v>	 
zh	41	162	Omission	head	In France, voting has traditionally been a low-tech experience: voters isolate themselves in a booth, put a pre-printed sheet of paper indicating their candidate of choice into an envelope.	在法国，传统上投票是一种没什么技术含量的体验：选民进到一个小隔间里，把一张预先印好的、表明了所选候选人的纸片装入信封中。	在法国，传统上投票是<v></v>：选民进到一个小隔间里，把一张预先印好的、表明了所选候选人的纸片装入信封中。	 
zh	42	162	Omission	end	In France, voting has traditionally been a low-tech experience: voters isolate themselves in a booth, put a pre-printed sheet of paper indicating their candidate of choice into an envelope.	在法国，传统上投票是一种没什么技术含量的体验：选民进到一个小隔间里，把一张预先印好的、表明了所选候选人的纸片装入信封中。	在法国，传统上投票是一种没什么技术含量的体验：选民进到一个小隔间里，把一张<v></v>、表明了所选候选人的纸片装入信封中。	 
zh	43	165	Omission	head	Since 1988, ballot boxes must be transparent so that voters and observers can witness that no envelopes are present at the start of the vote and that no envelopes are added except those of the duly counted and authorized voters.	自 1988 年以来，投票箱就必须是透明的，这样选民和观察员才能看到投票开始时箱内没有信封，还能看到除了那些及时统计过、有权投票的选民以外，没有其他人向箱内投入信封。	自 1988 年以来，投票箱就必须是透明的，这样<v></v>才能看到投票开始时箱内没有信封，还能看到除了那些及时统计过、有权投票的选民以外，没有其他人向箱内投入信封。	 
zh	44	165	Omission	end	Since 1988, ballot boxes must be transparent so that voters and observers can witness that no envelopes are present at the start of the vote and that no envelopes are added except those of the duly counted and authorized voters.	自 1988 年以来，投票箱就必须是透明的，这样选民和观察员才能看到投票开始时箱内没有信封，还能看到除了那些及时统计过、有权投票的选民以外，没有其他人向箱内投入信封。	自 1988 年以来，投票箱就必须是透明的，这样选民和观察员才能看到投票开始时箱内没有信封，还能看到除了那些及时统计过、有权投票的选民以外，<v></v>向箱内投入信封。	 
zh	45	166	Omission	head	Candidates can send representatives to witness every part of the process. In the evening, votes are counted by volunteers under heavy supervision, following specific procedures.	候选人可以派代表现场察看选举过程的每一个环节。晚上，志愿者在严密监督之下按照特定程序计票。	候选人可以派代表<v></v>选举过程的每一个环节。晚上，志愿者在严密监督之下按照特定程序计票。	 
zh	46	166	Omission	end	Candidates can send representatives to witness every part of the process. In the evening, votes are counted by volunteers under heavy supervision, following specific procedures.	候选人可以派代表现场察看选举过程的每一个环节。晚上，志愿者在严密监督之下按照特定程序计票。	候选人可以派代表现场察看选举过程的每一个环节。晚上，志愿者在<v></v>按照特定程序计票。	 
zh	47	196	Omission	head	He was reportedly aged in his 20s. In a statement, Bieber said "[w]hile I was not present nor directly involved with this tragic accident, my thoughts and prayers are with the family of the victim."	报道称他年仅 20 多岁。比伯发表声明表示：“虽然我当时并不在场，也没有直接经历这起悲惨事故，但我仍为死者家属感到悲伤，为他们祈祷。”	报道称他<v></v>。比伯发表声明表示：“虽然我当时并不在场，也没有直接经历这起悲惨事故，但我仍为死者家属感到悲伤，为他们祈祷。”	 
zh	48	196	Omission	end	He was reportedly aged in his 20s. In a statement, Bieber said "[w]hile I was not present nor directly involved with this tragic accident, my thoughts and prayers are with the family of the victim."	报道称他年仅 20 多岁。比伯发表声明表示：“虽然我当时并不在场，也没有直接经历这起悲惨事故，但我仍为死者家属感到悲伤，为他们祈祷。”	报道称他年仅 20 多岁。比伯发表声明表示：“虽然我当时并不在场，也没有直接经历这起悲惨事故，但我仍为<v></v>他们祈祷。”	 
zh	49	204	Omission	head	UN peacekeepers, whom arrived in Haiti after the 2010 earthquake, are being blamed for the spread of the disease which started near the troop's encampment.	联合国维和人员在 2010 年地震后抵达海地，他们因疫情蔓延而受到指责。疫情是从部队营地附近开始扩散的。	联合国维和人员在<v></v>抵达海地，他们因疫情蔓延而受到指责。疫情是从部队营地附近开始扩散的。	 
zh	50	204	Omission	end	UN peacekeepers, whom arrived in Haiti after the 2010 earthquake, are being blamed for the spread of the disease which started near the troop's encampment.	联合国维和人员在 2010 年地震后抵达海地，他们因疫情蔓延而受到指责。疫情是从部队营地附近开始扩散的。	联合国维和人员在 2010 年地震后抵达海地，他们因疫情蔓延而受到指责。疫情是从<v></v>开始扩散的。	 
zh	51	205	Omission	head	According to the lawsuit, waste from the UN camp was not properly sanitized, causing bacteria to enter the tributary of the Artibonite River, one of Haiti's largest.	诉讼材料显示，联合国营地未能对废弃物进行适当的消毒处理，因而导致细菌进入阿蒂博尼特河的支流，这是海地最大河流之一。	诉讼材料显示，联合国营地未能对废弃物进行适当的<v></v>，因而导致细菌进入阿蒂博尼特河的支流，这是海地最大河流之一。	 
zh	52	205	Omission	end	According to the lawsuit, waste from the UN camp was not properly sanitized, causing bacteria to enter the tributary of the Artibonite River, one of Haiti's largest.	诉讼材料显示，联合国营地未能对废弃物进行适当的消毒处理，因而导致细菌进入阿蒂博尼特河的支流，这是海地最大河流之一。	诉讼材料显示，联合国营地未能对废弃物进行适当的消毒处理，因而导致细菌进入<v></v>，这是海地最大河流之一。	 
zh	53	215	Omission	head	Despite leaving the show in 1993 he kept the title of executive producer, and continued to receive tens of millions of dollars every season in royalties.	尽管他在 1993 年离开了节目，但他保留了执行制片人的头衔，并持续获得每季数千万美元的版税。	尽管他在 <v></v>离开了节目，但他保留了执行制片人的头衔，并持续获得每季数千万美元的版税。	 
zh	54	215	Omission	end	Despite leaving the show in 1993 he kept the title of executive producer, and continued to receive tens of millions of dollars every season in royalties.	尽管他在 1993 年离开了节目，但他保留了执行制片人的头衔，并持续获得每季数千万美元的版税。	尽管他在 1993 年离开了节目，但他保留了执行制片人的头衔，并持续获得<v></v>的版税。	 
zh	55	237	Omission	head	Resembling a television remote, the controller uses two sensors placed near the user's television to triangulate its position in three-dimensional space.	该控制器类似于电视遥控器，使用放置在用户电视机附近的两个传感器来对其在三维空间中的位置进行三角测量。	该控制器类似于电视遥控器，<v></v>用户电视机附近的两个传感器来对其在三维空间中的位置进行三角测量。	 
zh	56	237	Omission	end	Resembling a television remote, the controller uses two sensors placed near the user's television to triangulate its position in three-dimensional space.	该控制器类似于电视遥控器，使用放置在用户电视机附近的两个传感器来对其在三维空间中的位置进行三角测量。	该控制器类似于电视遥控器，使用放置在用户电视机附近的两个传感器来对其<v></v>进行三角测量。	 
zh	57	247	Omission	head	Five minutes into the display a wind starts rolling in, about a minute later, the wind is reaching 70km/h... then the rain comes, but so hard and so large that it slaps your skin like a needle, then hail fell from the sky, people panicking and screaming and running over each other.	表演开始五分钟后，刮起了风，约一分钟后，风速达到了 70 公里/小时……紧接着又下起了雨，雨势如此之大，像针扎一样拍打在皮肤上，随后天上下起了冰雹，惊慌失措的人群尖叫着四散奔逃。	表演开始五分钟后，刮起了风，约一分钟后，<v></v>……紧接着又下起了雨，雨势如此之大，像针扎一样拍打在皮肤上，随后天上下起了冰雹，惊慌失措的人群尖叫着四散奔逃。	 
zh	58	247	Omission	end	Five minutes into the display a wind starts rolling in, about a minute later, the wind is reaching 70km/h... then the rain comes, but so hard and so large that it slaps your skin like a needle, then hail fell from the sky, people panicking and screaming and running over each other.	表演开始五分钟后，刮起了风，约一分钟后，风速达到了 70 公里/小时……紧接着又下起了雨，雨势如此之大，像针扎一样拍打在皮肤上，随后天上下起了冰雹，惊慌失措的人群尖叫着四散奔逃。	表演开始五分钟后，刮起了风，约一分钟后，风速达到了 70 公里/小时……紧接着又下起了雨，雨势如此之大，像针扎一样拍打在皮肤上，<v></v>惊慌失措的人群尖叫着四散奔逃。	 
zh	59	255	Omission	head	Some reports put the official death toll at eight, and official reports confirm that up to 30 were injured; but final numbers are not yet known.	一些报道称官方宣布的死亡人数为 8 人，而据官方报道证实，有多达 30 人受伤；但是最终的数字尚未确定。	一些报道称官方宣布的<v></v>，而据官方报道证实，有多达 30 人受伤；但是最终的数字尚未确定。	 
zh	60	255	Omission	end	Some reports put the official death toll at eight, and official reports confirm that up to 30 were injured; but final numbers are not yet known.	一些报道称官方宣布的死亡人数为 8 人，而据官方报道证实，有多达 30 人受伤；但是最终的数字尚未确定。	一些报道称官方宣布的死亡人数为 8 人，而据官方报道证实，<v></v>；但是最终的数字尚未确定。	 
zh	61	265	Omission	head	The bill requires violent video games sold in the state of California to be labeled with a decal reading "18" and makes their sale to a minor punishable by a fine of $1000 per offense.	该法案规定在加州销售的暴力电子游戏必须贴上“18”的标签，销售商每违法销售给未成年人一次就会被处以 1000 美元的罚款。	该法案规定在加州销售的<v></v>必须贴上“18”的标签，销售商每违法销售给未成年人一次就会被处以 1000 美元的罚款。	 
zh	62	265	Omission	end	The bill requires violent video games sold in the state of California to be labeled with a decal reading "18" and makes their sale to a minor punishable by a fine of $1000 per offense.	该法案规定在加州销售的暴力电子游戏必须贴上“18”的标签，销售商每违法销售给未成年人一次就会被处以 1000 美元的罚款。	该法案规定在加州销售的暴力电子游戏必须贴上“18”的标签，销售商每违法销售给未成年人一次就会被处以<v></v>罚款。	 
zh	63	274	Omission	head	Her first was the Slalom, where she earned a Did Not Finish in her first run. 36 of the 116 competitors had the same result in that race.	她的第一个项目是障碍滑雪，并在第一回合以“未完成”的成绩结束比赛。该比赛 116 名参赛者中有 36 人取得了相同的成绩。	她的第一个项目是<v></v>，并在第一回合以“未完成”的成绩结束比赛。该比赛 116 名参赛者中有 36 人取得了相同的成绩。	 
zh	64	274	Omission	end	Her first was the Slalom, where she earned a Did Not Finish in her first run. 36 of the 116 competitors had the same result in that race.	她的第一个项目是障碍滑雪，并在第一回合以“未完成”的成绩结束比赛。该比赛 116 名参赛者中有 36 人取得了相同的成绩。	她的第一个项目是障碍滑雪，并在第一回合以“未完成”的成绩结束比赛。该比赛 116 名参赛者中有 <v></v>取得了相同的成绩。	 
zh	65	288	Omission	head	This is common practice elsewhere in the UK but Scottish justice works differently and courts have viewed publication of photos as potentially prejudicial.	这在英国的其他地方是常见做法，但苏格兰的司法制度有所不同，法院认为公布照片可能会造成潜在的危害。	这在<v></v>是常见做法，但苏格兰的司法制度有所不同，法院认为公布照片可能会造成潜在的危害。	 
zh	66	288	Omission	end	This is common practice elsewhere in the UK but Scottish justice works differently and courts have viewed publication of photos as potentially prejudicial.	这在英国的其他地方是常见做法，但苏格兰的司法制度有所不同，法院认为公布照片可能会造成潜在的危害。	这在英国的其他地方是常见做法，但苏格兰的司法制度有所不同，<v></v>公布照片可能会造成潜在的危害。	 
zh	67	325	Omission	head	At the extremes of the poll, 29 per cent of those surveyed believe Australia should become a republic as soon as possible, while 31 per cent believe Australia should never become a republic.	投票存在两极分化的情况，29% 的受访者认为澳大利亚应该尽快成立共和国，31% 的人则认为澳大利亚永远不应该成立共和国。	投票存在两极分化的情况，<v></v>认为澳大利亚应该尽快成立共和国，31% 的人则认为澳大利亚永远不应该成立共和国。	 
zh	68	325	Omission	end	At the extremes of the poll, 29 per cent of those surveyed believe Australia should become a republic as soon as possible, while 31 per cent believe Australia should never become a republic.	投票存在两极分化的情况，29% 的受访者认为澳大利亚应该尽快成立共和国，31% 的人则认为澳大利亚永远不应该成立共和国。	投票存在两极分化的情况，29% 的受访者认为澳大利亚应该尽快成立共和国，<v></v>澳大利亚永远不应该成立共和国。	 
zh	69	326	Omission	head	The Olympic gold medalist was due to swim in the 100m and 200m freestyle and in three relays at the Commonwealth Games, but due to his complaints his fitness has been in doubt.	这位奥运会金牌得主本应参加 100 米和 200 米自由泳和英联邦运动会的三项接力赛，但由于他的抱怨，他的健康状况一直受到质疑。	这位奥运会金牌得主本应参加 <v></v>英联邦运动会的三项接力赛，但由于他的抱怨，他的健康状况一直受到质疑。	 
zh	70	326	Omission	end	The Olympic gold medalist was due to swim in the 100m and 200m freestyle and in three relays at the Commonwealth Games, but due to his complaints his fitness has been in doubt.	这位奥运会金牌得主本应参加 100 米和 200 米自由泳和英联邦运动会的三项接力赛，但由于他的抱怨，他的健康状况一直受到质疑。	这位奥运会金牌得主本应参加 100 米和 200 米自由泳和英联邦运动会的三项接力赛，但由于他的抱怨，<v></v>一直受到质疑。	 
zh	71	331	Omission	head	Scientists hope to understand how planets form, especially how the Earth formed, since comets collided with the Earth long ago.	科学家希望了解自从彗星很久以前与地球相撞以来，行星是如何形成的，尤其是地球的形成方式。	科学家希望了解自从彗星很久以前<v></v>以来，行星是如何形成的，尤其是地球的形成方式。	 
zh	72	331	Omission	end	Scientists hope to understand how planets form, especially how the Earth formed, since comets collided with the Earth long ago.	科学家希望了解自从彗星很久以前与地球相撞以来，行星是如何形成的，尤其是地球的形成方式。	科学家希望了解自从彗星很久以前与地球相撞以来，<v></v>尤其是地球的形成方式。	 
zh	73	336	Omission	head	It uses satellite-based technology as opposed to older ground-radar-based technology to allow air traffic controllers to pinpoint aircraft with greater precision and give pilots more accurate information.	它使用卫星技术，而不是老旧的地面雷达技术，使空中交通管制员能够更精确地定位飞机，并向飞行员提供更准确的信息。	它使用<v></v>，而不是老旧的地面雷达技术，使空中交通管制员能够更精确地定位飞机，并向飞行员提供更准确的信息。	 
zh	74	336	Omission	end	It uses satellite-based technology as opposed to older ground-radar-based technology to allow air traffic controllers to pinpoint aircraft with greater precision and give pilots more accurate information.	它使用卫星技术，而不是老旧的地面雷达技术，使空中交通管制员能够更精确地定位飞机，并向飞行员提供更准确的信息。	它使用卫星技术，而不是老旧的地面雷达技术，使空中交通管制员能够更精确地<v></v>，并向飞行员提供更准确的信息。	 
zh	75	355	Omission	head	The satellite was sent into space by a rocket. Scientists use telescopes in space because the Earth’s atmosphere distorts some of our light and view.	卫星是由火箭发射到太空的。科学家在太空中使用望远镜是因为地球的大气层让某些光线和视野产生扭曲。	卫星是由火箭发射到太空的。<v></v>使用望远镜是因为地球的大气层让某些光线和视野产生扭曲。	 
zh	76	355	Omission	end	The satellite was sent into space by a rocket. Scientists use telescopes in space because the Earth’s atmosphere distorts some of our light and view.	卫星是由火箭发射到太空的。科学家在太空中使用望远镜是因为地球的大气层让某些光线和视野产生扭曲。	卫星是由火箭发射到太空的。科学家在太空中使用望远镜是因为<v></v>让某些光线和视野产生扭曲。	 
zh	77	365	Omission	head	Lion prides act much like packs of wolves or dogs, animals surprisingly similar to lions (but not other big cats) in behavior, and also very deadly to their prey.	狮群的行为与狼群或狗群非常类似。这些动物与狮子的行为惊人地相似（但与其他大型猫科动物不同），而且这些行为对它们的猎物来说也是非常致命的。	<v></v>与狼群或狗群非常类似。这些动物与狮子的行为惊人地相似（但与其他大型猫科动物不同），而且这些行为对它们的猎物来说也是非常致命的。	 
zh	78	365	Omission	end	Lion prides act much like packs of wolves or dogs, animals surprisingly similar to lions (but not other big cats) in behavior, and also very deadly to their prey.	狮群的行为与狼群或狗群非常类似。这些动物与狮子的行为惊人地相似（但与其他大型猫科动物不同），而且这些行为对它们的猎物来说也是非常致命的。	狮群的行为与狼群或狗群非常类似。这些动物与狮子的行为惊人地相似（但与其他<v></v>不同），而且这些行为对它们的猎物来说也是非常致命的。	 
zh	79	371	Omission	head	They can see very well in the dark with night vision, and move very stealthily, too. Ocelots hunt their prey by blending in with their surroundings then pouncing on their prey.	它们的夜视能力很强，能在黑暗中看得很清楚，而且行动也很隐秘。豹猫的捕食方式是先融入周围环境，然后猛扑向猎物。	它们的夜视能力很强，能在黑暗中看得很清楚，而且<v></v>隐秘。豹猫的捕食方式是先融入周围环境，然后猛扑向猎物。	 
zh	80	371	Omission	end	They can see very well in the dark with night vision, and move very stealthily, too. Ocelots hunt their prey by blending in with their surroundings then pouncing on their prey.	它们的夜视能力很强，能在黑暗中看得很清楚，而且行动也很隐秘。豹猫的捕食方式是先融入周围环境，然后猛扑向猎物。	它们的夜视能力很强，能在黑暗中看得很清楚，而且行动也很隐秘。豹猫的捕食方式是先<v></v>，然后猛扑向猎物。	 
zh	81	372	Omission	head	When a small group of living things (a small population) gets separated from the main population that they came from (like if they move over a mountain range or a river, or if they move to a new island so that they can't easily move back) they will often find themselves in a different environment than they were in before.	当一小群生物（一个小种群）与它们本来的主要种群分离时（比如它们跨过山脉和河流，或者它们到了一个新的岛屿以至于不可能轻易回去)，它们通常会发现自己所处的环境与之前不同。	当一小群生物（一个小种群）与它们本来的主要种群分离时（比如它们<v></v>或者它们到了一个新的岛屿以至于不可能轻易回去)，它们通常会发现自己所处的环境与之前不同。	 
zh	82	372	Omission	end	When a small group of living things (a small population) gets separated from the main population that they came from (like if they move over a mountain range or a river, or if they move to a new island so that they can't easily move back) they will often find themselves in a different environment than they were in before.	当一小群生物（一个小种群）与它们本来的主要种群分离时（比如它们跨过山脉和河流，或者它们到了一个新的岛屿以至于不可能轻易回去)，它们通常会发现自己所处的环境与之前不同。	当一小群生物（一个小种群）与它们本来的主要种群分离时（比如它们跨过山脉和河流，或者它们<v></v>以至于不可能轻易回去)，它们通常会发现自己所处的环境与之前不同。	 
zh	83	373	Omission	head	This new environment has different resources and different competitors, so the new population will need different features or adaptations to be a strong competitor than what they had needed before.	这个新的环境有不同的资源和不同的竞争对手，所以新的种群将需要不同的特征或适应能力来成为一个强有力的竞争对手，而不是它们之前所需要的那些。	这个新的环境有<v></v>和不同的竞争对手，所以新的种群将需要不同的特征或适应能力来成为一个强有力的竞争对手，而不是它们之前所需要的那些。	 
zh	84	373	Omission	end	This new environment has different resources and different competitors, so the new population will need different features or adaptations to be a strong competitor than what they had needed before.	这个新的环境有不同的资源和不同的竞争对手，所以新的种群将需要不同的特征或适应能力来成为一个强有力的竞争对手，而不是它们之前所需要的那些。	这个新的环境有不同的资源和不同的竞争对手，所以新的种群将需要不同的特征或适应能力来成为一个<v></v>竞争对手，而不是它们之前所需要的那些。	 
zh	85	376	Omission	head	Eventually, after thousands or even millions of years, the two populations will look so different that they can't be called the same species.	在历经数千甚至数百万年以后，这两个种群最终看上去会截然不同，以致于不能将两者称作同一物种。	在历经<v></v>以后，这两个种群最终看上去会截然不同，以致于不能将两者称作同一物种。	 
zh	86	376	Omission	end	Eventually, after thousands or even millions of years, the two populations will look so different that they can't be called the same species.	在历经数千甚至数百万年以后，这两个种群最终看上去会截然不同，以致于不能将两者称作同一物种。	在历经数千甚至数百万年以后，这两个种群最终看上去会<v></v>，以致于不能将两者称作同一物种。	 
zh	87	377	Omission	head	We call this process speciation, which just means the formation of new species. Speciation is an unavoidable consequence and a very important part of evolution.	我们把这个过程称为“物种形成”，也就是新物种的形成。物种形成是进化的必然结果，也是进化中极为重要的一环。	我们把这个过程称为“物种形成”，也就是<v></v>。物种形成是进化的必然结果，也是进化中极为重要的一环。	 
zh	88	377	Omission	end	We call this process speciation, which just means the formation of new species. Speciation is an unavoidable consequence and a very important part of evolution.	我们把这个过程称为“物种形成”，也就是新物种的形成。物种形成是进化的必然结果，也是进化中极为重要的一环。	我们把这个过程称为“物种形成”，也就是新物种的形成。物种形成是<v></v>，也是进化中极为重要的一环。	 
zh	89	412	Omission	head	City-states are the precursors of nations. A civilizational culture implies the passing on of knowledge across several generations, a lingering cultural footprint and fair dissemination.	城邦是民族的前身。文明型文化意味着知识的代代相传，文化的足迹萦绕留存，还有文化能够公平地传播。	城邦是民族的前身。文明型文化意味着<v></v>传，文化的足迹萦绕留存，还有文化能够公平地传播。	 
zh	90	412	Omission	end	City-states are the precursors of nations. A civilizational culture implies the passing on of knowledge across several generations, a lingering cultural footprint and fair dissemination.	城邦是民族的前身。文明型文化意味着知识的代代相传，文化的足迹萦绕留存，还有文化能够公平地传播。	城邦是民族的前身。文明型文化意味着知识的代代相传，<v></v>萦绕留存，还有文化能够公平地传播。	 
zh	91	415	Omission	head	Congress lacked any power to impose taxes, and, because there was no national executive or judiciary, it relied on state authorities, who were often uncooperative, to enforce all its acts.	国会没有征税的权力，而且因为没有国家行政部门或司法部门，国会只能依赖州政府执行所有法案，而州政府又经常不配合。	国会没有征税的权力，而且因为没有<v></v>或司法部门，国会只能依赖州政府执行所有法案，而州政府又经常不配合。	 
zh	92	415	Omission	end	Congress lacked any power to impose taxes, and, because there was no national executive or judiciary, it relied on state authorities, who were often uncooperative, to enforce all its acts.	国会没有征税的权力，而且因为没有国家行政部门或司法部门，国会只能依赖州政府执行所有法案，而州政府又经常不配合。	国会没有征税的权力，而且因为没有国家行政部门或司法部门，国会只能依赖州政府<v></v>，而州政府又经常不配合。	 
zh	93	417	Omission	head	The Articles required unanimous consent from all the states before they could be amended and states took the central government so lightly that their representatives were often absent.	这些条款必须得到所有州的一致同意才能进行修改，而各州对待中央政府的态度十分轻慢，以至于其州立代表经常缺席。	这些条款必须<v></v>才能进行修改，而各州对待中央政府的态度十分轻慢，以至于其州立代表经常缺席。	 
zh	94	417	Omission	end	The Articles required unanimous consent from all the states before they could be amended and states took the central government so lightly that their representatives were often absent.	这些条款必须得到所有州的一致同意才能进行修改，而各州对待中央政府的态度十分轻慢，以至于其州立代表经常缺席。	这些条款必须得到所有州的一致同意才能进行修改，而各州对待<v></v>十分轻慢，以至于其州立代表经常缺席。	 
zh	95	441	Omission	head	The central authority of the church had been in Rome for over a thousand years and this concentration of power and money led many to question whether this tenet was being met.	教会中央集权制在罗马存在了一千多年，这种权力和金钱的集中让许多人开始质疑，他们是否遵守了这一信条。	教会中央集权制<v></v>，这种权力和金钱的集中让许多人开始质疑，他们是否遵守了这一信条。	 
zh	96	441	Omission	end	The central authority of the church had been in Rome for over a thousand years and this concentration of power and money led many to question whether this tenet was being met.	教会中央集权制在罗马存在了一千多年，这种权力和金钱的集中让许多人开始质疑，他们是否遵守了这一信条。	教会中央集权制在罗马存在了一千多年，这种权力和金钱的集中让<v></v>他们是否遵守了这一信条。	 
zh	97	443	Omission	head	The strategy proved effective, cutting off vital military and civilian supplies, although this blockade violated generally accepted international law codified by several international agreements of the past two centuries.	他们切断了生死攸关的军事和民用物资供应。事实证明这一战略是有效的，尽管这样的封锁违反了在过去的两个世纪里，根据几项国际协定制定的已为大家普遍接受的国际法。	他们切断了生死攸关的<v></v>供应。事实证明这一战略是有效的，尽管这样的封锁违反了在过去的两个世纪里，根据几项国际协定制定的已为大家普遍接受的国际法。	 
zh	98	443	Omission	end	The strategy proved effective, cutting off vital military and civilian supplies, although this blockade violated generally accepted international law codified by several international agreements of the past two centuries.	他们切断了生死攸关的军事和民用物资供应。事实证明这一战略是有效的，尽管这样的封锁违反了在过去的两个世纪里，根据几项国际协定制定的已为大家普遍接受的国际法。	他们切断了生死攸关的军事和民用物资供应。事实证明这一战略是有效的，尽管这样的封锁违反了在过去的两个世纪里，根据几项国际协定制定的已为大家<v></v>的国际法。	 
zh	99	462	Omission	head	Nothing can be seen other than the clear, beautiful sky above and the many surrounding mountains. Very little of this world can be seen or heard from inside the cave.	除了清澈美丽的天空和周围的群山，什么也看不见。在洞穴中，几乎看不到也听不到外界的景象和声音。	除了<v></v>和周围的群山，什么也看不见。在洞穴中，几乎看不到也听不到外界的景象和声音。	 
zh	100	462	Omission	end	Nothing can be seen other than the clear, beautiful sky above and the many surrounding mountains. Very little of this world can be seen or heard from inside the cave.	除了清澈美丽的天空和周围的群山，什么也看不见。在洞穴中，几乎看不到也听不到外界的景象和声音。	除了清澈美丽的天空和周围的群山，什么也看不见。在洞穴中，几乎看不到也听不到<v></v>。	 
zh	101	470	Omission	head	Feel free to pencil in your own marks, but remember the printed bowing marks are there for a musical reason, so they should usually be respected.	请随意用铅笔作上你自己的标记，但要记住，印出来的音符是具有音乐意义的，所以它们通常应该被尊重。	请随意<v></v>，但要记住，印出来的音符是具有音乐意义的，所以它们通常应该被尊重。	 
zh	102	470	Omission	end	Feel free to pencil in your own marks, but remember the printed bowing marks are there for a musical reason, so they should usually be respected.	请随意用铅笔作上你自己的标记，但要记住，印出来的音符是具有音乐意义的，所以它们通常应该被尊重。	请随意用铅笔作上你自己的标记，但要记住，印出来的音符是<v></v>，所以它们通常应该被尊重。	 
zh	103	474	Omission	head	At one point a member of the mob waved the head of a royal guard killed at Versailles in front of the terrified Queen.	当着吓坏了的女王的面，有一名暴徒一度挥动一颗皇家卫士的头颅，这名卫士是在凡尔赛宫被杀害的。	当着<v></v>的面，有一名暴徒一度挥动一颗皇家卫士的头颅，这名卫士是在凡尔赛宫被杀害的。	 
zh	104	474	Omission	end	At one point a member of the mob waved the head of a royal guard killed at Versailles in front of the terrified Queen.	当着吓坏了的女王的面，有一名暴徒一度挥动一颗皇家卫士的头颅，这名卫士是在凡尔赛宫被杀害的。	当着吓坏了的女王的面，有一名暴徒一度挥动一颗皇家卫士的头颅，这名卫士是在<v></v>被杀害的。	 
zh	105	476	Omission	head	They were compelled to pay taxes to the U.S. colonial regime to defray a major part of the expenditures and the interest on bonds floated in the name of the Philippine government through the Wall Street banking houses.	他们被迫向美国殖民政权纳税，用于支付大部分开支，以及通过华尔街银行以菲律宾政府名义发行的债券的利息。	他们被迫向美国殖民政权纳税，<v></v>以及通过华尔街银行以菲律宾政府名义发行的债券的利息。	 
zh	106	476	Omission	end	They were compelled to pay taxes to the U.S. colonial regime to defray a major part of the expenditures and the interest on bonds floated in the name of the Philippine government through the Wall Street banking houses.	他们被迫向美国殖民政权纳税，用于支付大部分开支，以及通过华尔街银行以菲律宾政府名义发行的债券的利息。	他们被迫向美国殖民政权纳税，用于支付大部分开支，以及通过<v></v>以菲律宾政府名义发行的债券的利息。	 
zh	107	481	Omission	head	Technological determinism is a term that encompasses a wide range of ideas in practice, from technology-push or the technological imperative to a strict sense that human destiny is driven by an underlying logic associated with scientific laws and their manifestation in technology.	技术决定论是一个在实践中涵盖许多种思想的术语，包括技术推动论，技术必要论，以及一个严格的定义——人类命运是由与科学定律相关的背后逻辑及其在技术中的表现驱动的。	技术决定论是一个在实践中涵盖许多种思想的术语，包括<v></v>，技术必要论，以及一个严格的定义——人类命运是由与科学定律相关的背后逻辑及其在技术中的表现驱动的。	 
zh	108	481	Omission	end	Technological determinism is a term that encompasses a wide range of ideas in practice, from technology-push or the technological imperative to a strict sense that human destiny is driven by an underlying logic associated with scientific laws and their manifestation in technology.	技术决定论是一个在实践中涵盖许多种思想的术语，包括技术推动论，技术必要论，以及一个严格的定义——人类命运是由与科学定律相关的背后逻辑及其在技术中的表现驱动的。	技术决定论是一个在实践中涵盖许多种思想的术语，包括技术推动论，技术必要论，以及一个严格的定义——<v></v>与科学定律相关的背后逻辑及其在技术中的表现驱动的。	 
zh	109	482	Omission	head	Most interpretations of technological determinism share two general ideas: that the development of technology itself follows a path largely beyond cultural or political influence, and that technology in turn has "effects" on societies that are inherent, rather than socially conditioned.	大多数对技术决定论的解释都包括这两个总体思路：一是技术本身的发展在很大程度上超越了文化或政治影响，二是技术反过来会对社会产生不受社会条件制约的内在“影响”。	大多数对技术决定论的解释都包括这两个总体思路：一是<v></v>在很大程度上超越了文化或政治影响，二是技术反过来会对社会产生不受社会条件制约的内在“影响”。	 
zh	110	482	Omission	end	Most interpretations of technological determinism share two general ideas: that the development of technology itself follows a path largely beyond cultural or political influence, and that technology in turn has "effects" on societies that are inherent, rather than socially conditioned.	大多数对技术决定论的解释都包括这两个总体思路：一是技术本身的发展在很大程度上超越了文化或政治影响，二是技术反过来会对社会产生不受社会条件制约的内在“影响”。	大多数对技术决定论的解释都包括这两个总体思路：一是技术本身的发展在很大程度上超越了文化或政治影响，二是技术反过来会对社会产生<v></v>内在“影响”。	 
zh	111	484	Omission	head	However, a nationwide road network is not economically viable for just a handful of cars, so new methods of production are developed to reduce the cost of car ownership.	然而，仅为少数汽车架设全国公路网，这在经济上并不可行，因此新的生产方式应运而生，以求降低汽车的拥有成本。	然而，仅为少数汽车<v></v>，这在经济上并不可行，因此新的生产方式应运而生，以求降低汽车的拥有成本。	 
zh	112	484	Omission	end	However, a nationwide road network is not economically viable for just a handful of cars, so new methods of production are developed to reduce the cost of car ownership.	然而，仅为少数汽车架设全国公路网，这在经济上并不可行，因此新的生产方式应运而生，以求降低汽车的拥有成本。	然而，仅为少数汽车架设全国公路网，这在经济上并不可行，因此新的生产方式应运而生<v></v>。	 
zh	113	487	Omission	head	In the context of Romanticism, the geography molded individuals, and over time customs and culture related to that geography arose, and these, being in harmony with the place of the society, were better than arbitrarily imposed laws.	在浪漫主义的背景下，地理塑造了个体，随着时间的推移，与地理相关的习俗和文化出现了，这些习俗文化因为与社会所处的地方和谐相融，要比任意强加的法律好得多。	在浪漫主义的背景下，<v></v>随着时间的推移，与地理相关的习俗和文化出现了，这些习俗文化因为与社会所处的地方和谐相融，要比任意强加的法律好得多。	 
zh	114	487	Omission	end	In the context of Romanticism, the geography molded individuals, and over time customs and culture related to that geography arose, and these, being in harmony with the place of the society, were better than arbitrarily imposed laws.	在浪漫主义的背景下，地理塑造了个体，随着时间的推移，与地理相关的习俗和文化出现了，这些习俗文化因为与社会所处的地方和谐相融，要比任意强加的法律好得多。	在浪漫主义的背景下，地理塑造了个体，随着时间的推移，与地理相关的习俗和文化出现了，这些习俗文化<v></v>要比任意强加的法律好得多。	 
zh	115	495	Omission	head	towards the end of the Middle Ages western Europe began to develop their own style. one of the biggest developments of the time as a result of the crusades people began to use buttons to fasten clothing.	随着中世纪走向末期，西欧人民逐渐发展出自己的风格。当时最大的进步之一就是十字军东征后，人们开始用纽扣来系衣服。	随着中世纪走向末期，<v></v>当时最大的进步之一就是十字军东征后，人们开始用纽扣来系衣服。	 
zh	116	495	Omission	end	towards the end of the Middle Ages western Europe began to develop their own style. one of the biggest developments of the time as a result of the crusades people began to use buttons to fasten clothing.	随着中世纪走向末期，西欧人民逐渐发展出自己的风格。当时最大的进步之一就是十字军东征后，人们开始用纽扣来系衣服。	随着中世纪走向末期，西欧人民逐渐发展出自己的风格。当时最大的进步之一就是十字军东征后，<v></v>来系衣服。	 
zh	117	497	Omission	head	Subsistence agriculture is a simple, often organic, system using saved seed native to the ecoregion combined with crop rotation or other relatively simple techniques to maximize yield.	自给农业是一种简单且通常是有机的系统，利用该生态区内保存的本地种子，与农作物轮作或其他相对简单的技术相结合，从而最大限度地提高产量。	自给农业是一种简单且通常是有机的系统，<v></v>，与农作物轮作或其他相对简单的技术相结合，从而最大限度地提高产量。	
zh	118	497	Omission	end	Subsistence agriculture is a simple, often organic, system using saved seed native to the ecoregion combined with crop rotation or other relatively simple techniques to maximize yield.	自给农业是一种简单且通常是有机的系统，利用该生态区内保存的本地种子，与农作物轮作或其他相对简单的技术相结合，从而最大限度地提高产量。	自给农业是一种简单且通常是有机的系统，利用该生态区内保存的本地种子，与农作物轮作或其他相对简单的技术相结合，从而<v></v>提高产量。	TRUE
zh	119	498	Omission	head	Historically most farmers were engaged in subsistence agriculture and this is still the case in many developing nations.	从历史上看，大部分农民从事的都是自给自足的农业生产。如今在很多发展中国家，情况依然如此。	从历史上看，大部分农民从事的都是<v></v>农业生产。如今在很多发展中国家，情况依然如此。	 
zh	120	498	Omission	end	Historically most farmers were engaged in subsistence agriculture and this is still the case in many developing nations.	从历史上看，大部分农民从事的都是自给自足的农业生产。如今在很多发展中国家，情况依然如此。	从历史上看，大部分农民从事的都是自给自足的农业生产。如今在<v></v>，情况依然如此。	 
zh	121	503	Omission	head	One of the most common methods used to illustrate the importance of socialization is to draw upon the few unfortunate cases of children who were, through neglect, misfortune, or wilful abuse, not socialized by adults while they were growing up.	要说明社会化的重要性，最常用的方法之一是利用少数不幸儿童的案例。这些儿童由于被忽视、遭遇不幸或遭到故意虐待，在成长过程中没有在成年人的帮助下实现社会化。	要说明社会化的重要性，<v></v>是利用少数不幸儿童的案例。这些儿童由于被忽视、遭遇不幸或遭到故意虐待，在成长过程中没有在成年人的帮助下实现社会化。	 
zh	122	503	Omission	end	One of the most common methods used to illustrate the importance of socialization is to draw upon the few unfortunate cases of children who were, through neglect, misfortune, or wilful abuse, not socialized by adults while they were growing up.	要说明社会化的重要性，最常用的方法之一是利用少数不幸儿童的案例。这些儿童由于被忽视、遭遇不幸或遭到故意虐待，在成长过程中没有在成年人的帮助下实现社会化。	要说明社会化的重要性，最常用的方法之一是利用少数不幸儿童的案例。这些儿童由于被忽视、遭遇不幸或遭到故意虐待，在成长过程中没有<v></v>实现社会化。	 
zh	123	504	Omission	head	Such children are called "feral" or wild. Some feral children have been confined by people (usually their own parents); in some cases this child abandonment was due to the parents' rejection of a child's severe intellectual or physical impairment.	这样的孩子被称为“野孩”，意思是野孩子。 有些野孩子被人们（通常是他们自己的父母）所幽禁； 在某些情况下，孩子被遗弃是由于父母拒绝接受孩子有智力或身体上的严重缺陷。	这样的孩子<v></v>意思是野孩子。 有些野孩子被人们（通常是他们自己的父母）所幽禁； 在某些情况下，孩子被遗弃是由于父母拒绝接受孩子有智力或身体上的严重缺陷。	 
zh	124	504	Omission	end	Such children are called "feral" or wild. Some feral children have been confined by people (usually their own parents); in some cases this child abandonment was due to the parents' rejection of a child's severe intellectual or physical impairment.	这样的孩子被称为“野孩”，意思是野孩子。 有些野孩子被人们（通常是他们自己的父母）所幽禁； 在某些情况下，孩子被遗弃是由于父母拒绝接受孩子有智力或身体上的严重缺陷。	这样的孩子被称为“野孩”，意思是野孩子。 有些野孩子被人们（通常是他们自己的父母）所幽禁； 在某些情况下，孩子被遗弃是由于<v></v>孩子有智力或身体上的严重缺陷。	 
zh	125	507	Omission	head	When completely brought up by non-human animals, the feral child exhibits behaviors (within physical limits) almost entirely like those of the particular care-animal, such as its fear of or indifference to humans.	狼孩如果完全由非人类的动物抚养长大，其行为（在身体条件允许的范围内）会与该动物非常雷同，比如会对人类表现出恐惧或冷漠。	狼孩如果完全由<v></v>抚养长大，其行为（在身体条件允许的范围内）会与该动物非常雷同，比如会对人类表现出恐惧或冷漠。	 
zh	126	507	Omission	end	When completely brought up by non-human animals, the feral child exhibits behaviors (within physical limits) almost entirely like those of the particular care-animal, such as its fear of or indifference to humans.	狼孩如果完全由非人类的动物抚养长大，其行为（在身体条件允许的范围内）会与该动物非常雷同，比如会对人类表现出恐惧或冷漠。	狼孩如果完全由非人类的动物抚养长大，其行为（在身体条件允许的<v></v>）会与该动物非常雷同，比如会对人类表现出恐惧或冷漠。	TRUE
zh	127	530	Omission	head	The most readily accessible plant resources would have been the proteins accessible in leaves and legumes, but these are hard for primates like us to digest unless they are cooked.	最容易获得的植物性资源应该是叶子和豆科植物中的蛋白质，但像我们这样的灵长类动物很难消化这种蛋白质，除非是煮熟的。	最容易获得的植物性资源应该是叶子和<v></v>，但像我们这样的灵长类动物很难消化这种蛋白质，除非是煮熟的。	 
zh	128	530	Omission	end	The most readily accessible plant resources would have been the proteins accessible in leaves and legumes, but these are hard for primates like us to digest unless they are cooked.	最容易获得的植物性资源应该是叶子和豆科植物中的蛋白质，但像我们这样的灵长类动物很难消化这种蛋白质，除非是煮熟的。	最容易获得的植物性资源应该是叶子和豆科植物中的蛋白质，但像我们这样的灵长类动物<v></v>这种蛋白质，除非是煮熟的。	 
zh	129	532	Omission	head	All things considered, we should not be surprised if our own ancestors solved their "protein problem" in somewhat the same way that chimps on the savanna do today.	综上所述，如果我们的祖先解决“蛋白质问题”的途径与如今热带草原上的黑猩猩所使用的方法无异，我们也不应该感到惊讶。	综上所述，如果我们的祖先<v></v>与如今热带草原上的黑猩猩所使用的方法无异，我们也不应该感到惊讶。	 
zh	130	532	Omission	end	All things considered, we should not be surprised if our own ancestors solved their "protein problem" in somewhat the same way that chimps on the savanna do today.	综上所述，如果我们的祖先解决“蛋白质问题”的途径与如今热带草原上的黑猩猩所使用的方法无异，我们也不应该感到惊讶。	综上所述，如果我们的祖先解决“蛋白质问题”的途径与如今热带草原上的黑猩猩<v></v>无异，我们也不应该感到惊讶。	TRUE
zh	131	544	Omission	head	Germany was a common enemy in World War 2, leading to cooperation between the USSR and USA. With the end of the war the clashes of system, process and culture led to the countries falling out.	德国是二战中各国的共同敌人，这促进了苏联和美国之间的合作。随着战争的结束，制度、程序和文化上的冲突又使得两国分道扬镳。	德国是二战中各国的共同敌人，这<v></v>苏联和美国之间的合作。随着战争的结束，制度、程序和文化上的冲突又使得两国分道扬镳。	 
zh	132	544	Omission	end	Germany was a common enemy in World War 2, leading to cooperation between the USSR and USA. With the end of the war the clashes of system, process and culture led to the countries falling out.	德国是二战中各国的共同敌人，这促进了苏联和美国之间的合作。随着战争的结束，制度、程序和文化上的冲突又使得两国分道扬镳。	德国是二战中各国的共同敌人，这促进了苏联和美国之间的合作。随着战争的结束，<v></v>又使得两国分道扬镳。	 
zh	133	550	Omission	head	The job of navies has traditionally been to ensure that your country maintains the ability to move your people and goods, while at the same time, interfering with your enemy's ability to move his people and goods.	从传统意义上讲，海军的任务是确保国家保持运输人员和货物的能力，同时，干扰敌人运输其人员和货物的能力。	从传统意义上讲，海军的任务是<v></v>保持运输人员和货物的能力，同时，干扰敌人运输其人员和货物的能力。	 
zh	134	550	Omission	end	The job of navies has traditionally been to ensure that your country maintains the ability to move your people and goods, while at the same time, interfering with your enemy's ability to move his people and goods.	从传统意义上讲，海军的任务是确保国家保持运输人员和货物的能力，同时，干扰敌人运输其人员和货物的能力。	从传统意义上讲，海军的任务是确保国家保持运输人员和货物的能力，同时，<v></v>其人员和货物的能力。	 
zh	135	565	Omission	head	We can start living more friendly to the environment, we can join to the environmental movement, and we can even be activists in order to reduce the future suffering in some degree.	我们可以开始更环保地生活，加入环保运动，甚至可以成为环保积极分子，在一定程度上减少将来的灾难。	我们可以开始更环保地生活，<v></v>甚至可以成为环保积极分子，在一定程度上减少将来的灾难。	 
zh	136	565	Omission	end	We can start living more friendly to the environment, we can join to the environmental movement, and we can even be activists in order to reduce the future suffering in some degree.	我们可以开始更环保地生活，加入环保运动，甚至可以成为环保积极分子，在一定程度上减少将来的灾难。	我们可以开始更环保地生活，加入环保运动，甚至可以成为环保积极分子，<v></v>减少将来的灾难。	 
zh	137	566	Omission	head	This is just like symptomatic treatment in many cases. However, if we do not only want a temporary solution, then we should find the root of the problems, and we should deactivate them.	很多情况下这和症状疗法很相似。但是，如果我们不仅仅想要一个临时的解决方案的话，那么我们就应该找到问题的根源，并把它彻底根除。	很多情况下这和<v></v>很相似。但是，如果我们不仅仅想要一个临时的解决方案的话，那么我们就应该找到问题的根源，并把它彻底根除。	 
zh	138	566	Omission	end	This is just like symptomatic treatment in many cases. However, if we do not only want a temporary solution, then we should find the root of the problems, and we should deactivate them.	很多情况下这和症状疗法很相似。但是，如果我们不仅仅想要一个临时的解决方案的话，那么我们就应该找到问题的根源，并把它彻底根除。	很多情况下这和症状疗法很相似。但是，如果我们不仅仅想要一个临时的解决方案的话，那么我们就应该找到<v></v>，并把它彻底根除。	 
zh	139	567	Omission	head	It is obvious enough that the world has changed much because of humankind's scientific and technological advancements, and problems have become greater because of overpopulation and mankind's extravagant lifestyle.	显而易见，由于人类的科学和技术进步，世界发生了很大的变化，而人口过剩和人类奢侈的生活方式使问题变得更为严重。	显而易见，由于人类的<v></v>，世界发生了很大的变化，而人口过剩和人类奢侈的生活方式使问题变得更为严重。	 
zh	140	567	Omission	end	It is obvious enough that the world has changed much because of humankind's scientific and technological advancements, and problems have become greater because of overpopulation and mankind's extravagant lifestyle.	显而易见，由于人类的科学和技术进步，世界发生了很大的变化，而人口过剩和人类奢侈的生活方式使问题变得更为严重。	显而易见，由于人类的科学和技术进步，世界发生了很大的变化，而<v></v>和人类奢侈的生活方式使问题变得更为严重。	 
zh	141	591	Omission	head	Science’s main goal is to figure out the way the world works through the scientific method. This method in fact guides most scientific research.	科学的主要目的是通过科学方法找出世界的运行方式。实际上，这种方法可为大多数科学研究提供指导。	科学的主要目的是<v></v>找出世界的运行方式。实际上，这种方法可为大多数科学研究提供指导。	 
zh	142	591	Omission	end	Science’s main goal is to figure out the way the world works through the scientific method. This method in fact guides most scientific research.	科学的主要目的是通过科学方法找出世界的运行方式。实际上，这种方法可为大多数科学研究提供指导。	科学的主要目的是通过科学方法找出世界的运行方式。实际上，这种方法可为<v></v>提供指导。	 
zh	143	592	Omission	head	It isn’t alone though, experimentation, and an experiment is a test that is used to eliminate one or more of the possible hypotheses, asking questions, and making observations also guide scientific research.	实验是一种用来消除一个或多个可能性假设的试验，不过，实验并不是唯一的方法。提出问题及进行观察也可以指导科学研究。	实验是一种用来<v></v>试验，不过，实验并不是唯一的方法。提出问题及进行观察也可以指导科学研究。	 
zh	144	592	Omission	end	It isn’t alone though, experimentation, and an experiment is a test that is used to eliminate one or more of the possible hypotheses, asking questions, and making observations also guide scientific research.	实验是一种用来消除一个或多个可能性假设的试验，不过，实验并不是唯一的方法。提出问题及进行观察也可以指导科学研究。	实验是一种用来消除一个或多个可能性假设的试验，不过，实验并不是唯一的方法。<v></v>也可以指导科学研究。	 
zh	145	598	Omission	head	Biological clocks are self sustaining oscillators which will continue a period of free-running cycling even in the absence of external cues.	生物钟是能够自我维持的摆动装置，即使在没有外界提示的情况下，也会持续一段时间自由运转的周期。	生物钟是能够<v></v>摆动装置，即使在没有外界提示的情况下，也会持续一段时间自由运转的周期。	 
zh	146	598	Omission	end	Biological clocks are self sustaining oscillators which will continue a period of free-running cycling even in the absence of external cues.	生物钟是能够自我维持的摆动装置，即使在没有外界提示的情况下，也会持续一段时间自由运转的周期。	生物钟是能够自我维持的摆动装置，即使在没有外界提示的情况下，也会持续一段时间<v></v>的周期。	 
zh	147	602	Omission	head	Mutations can have a variety of different effects depending on the type of mutation, the significance of the piece of genetic material affected and whether the cells affected are germ-line cells.	突变会产生各种各样不同的影响，这取决于突变的类型、受影响遗传物质的重要性以及受影响的细胞是否为生殖系细胞。	突变会产生各种各样不同的影响，这取决于<v></v>、受影响遗传物质的重要性以及受影响的细胞是否为生殖系细胞。	 
zh	148	602	Omission	end	Mutations can have a variety of different effects depending on the type of mutation, the significance of the piece of genetic material affected and whether the cells affected are germ-line cells.	突变会产生各种各样不同的影响，这取决于突变的类型、受影响遗传物质的重要性以及受影响的细胞是否为生殖系细胞。	突变会产生各种各样不同的影响，这取决于突变的类型、受影响遗传物质的重要性以及<v></v>。	 
zh	149	604	Omission	head	Nature-based tourism attracts people interested in visiting natural areas for the purpose of enjoying the scenery, including plant and animal wildlife.	自然风光旅游业吸引了那些对自然地区感兴趣的游客，他们前来观赏包括野生动植物在内的自然风景。	自然风光旅游业吸引了那些对<v></v>感兴趣的游客，他们前来观赏包括野生动植物在内的自然风景。	 
zh	150	604	Omission	end	Nature-based tourism attracts people interested in visiting natural areas for the purpose of enjoying the scenery, including plant and animal wildlife.	自然风光旅游业吸引了那些对自然地区感兴趣的游客，他们前来观赏包括野生动植物在内的自然风景。	自然风光旅游业吸引了那些对自然地区感兴趣的游客，他们前来观赏<v></v>自然风景。	 
zh	151	615	Omission	head	Fortunately, drivers tend to behave within a reasonably consistent range; thus, traffic streams tend to have some reasonable consistency and can be roughly represented mathematically.	幸运的是，司机的行为往往在一个合理的一致性范围内；因此，交通流量往往具有一定的合理一致性，可以粗略地用数学方式表示。	幸运的是，司机的行为往往在一个<v></v>范围内；因此，交通流量往往具有一定的合理一致性，可以粗略地用数学方式表示。	 
zh	152	615	Omission	end	Fortunately, drivers tend to behave within a reasonably consistent range; thus, traffic streams tend to have some reasonable consistency and can be roughly represented mathematically.	幸运的是，司机的行为往往在一个合理的一致性范围内；因此，交通流量往往具有一定的合理一致性，可以粗略地用数学方式表示。	幸运的是，司机的行为往往在一个合理的一致性范围内；因此，交通流量往往具有一定的合理一致性，<v></v>	 
zh	153	635	Omission	head	People have known about basic chemical elements such as gold, silver, and copper from antiquity, as these can all be discovered in nature in native form and are relatively simple to mine with primitive tools.	人们自古以来就知道金、银、铜等基本化学元素，因为这些元素都能以自然形态在自然界中发现，而且比较容易使用原始工具进行开采。	人们自古以来就知道金、银、铜等<v></v>，因为这些元素都能以自然形态在自然界中发现，而且比较容易使用原始工具进行开采。	 
zh	154	635	Omission	end	People have known about basic chemical elements such as gold, silver, and copper from antiquity, as these can all be discovered in nature in native form and are relatively simple to mine with primitive tools.	人们自古以来就知道金、银、铜等基本化学元素，因为这些元素都能以自然形态在自然界中发现，而且比较容易使用原始工具进行开采。	人们自古以来就知道金、银、铜等基本化学元素，因为这些元素都能以自然形态在自然界中发现，而且比较容易<v></v>进行开采。	 
zh	155	656	Omission	head	These theories look at what it is about certain people that make them want the things that they do and what things in their environment will make them do or not do certain things.	这些理论研究为什么某些人想要做他们所做的事情，以及他们所处的环境中哪些事情会让他们做或不做某些事情。	这些理论研究为什么某些人<v></v>，以及他们所处的环境中哪些事情会让他们做或不做某些事情。	 
zh	156	656	Omission	end	These theories look at what it is about certain people that make them want the things that they do and what things in their environment will make them do or not do certain things.	这些理论研究为什么某些人想要做他们所做的事情，以及他们所处的环境中哪些事情会让他们做或不做某些事情。	这些理论研究为什么某些人想要做他们所做的事情，以及他们所处的环境中哪些事情会<v></v>。	 
zh	157	660	Omission	head	At the other end of the spectrum, one morphs into an unrecognizable individual that feels he or she must change everything the team has been doing and make it their own.	在另一种极端情况下，这个人会变成一个与之前迥然不同的个体，觉得他/她必须改变团队所做的一切，并把成果据为己有。	在另一种极端情况下，这个人会变成一个<v></v>个体，觉得他/她必须改变团队所做的一切，并把成果据为己有。	 
zh	158	660	Omission	end	At the other end of the spectrum, one morphs into an unrecognizable individual that feels he or she must change everything the team has been doing and make it their own.	在另一种极端情况下，这个人会变成一个与之前迥然不同的个体，觉得他/她必须改变团队所做的一切，并把成果据为己有。	在另一种极端情况下，这个人会变成一个与之前迥然不同的个体，觉得他/她必须<v></v>，并把成果据为己有。	 
zh	159	665	Omission	head	They often have more autonomy than conventional team members as their teams may meet according to varying time zones which may not be understood by their local management.	他们往往比传统的团队成员拥有更多的自主权，因为他们的团队可能会针对不同的时区安排开会时间，而本地管理层可能不理解这一点。	他们往往比传统的团队成员<v></v>，因为他们的团队可能会针对不同的时区安排开会时间，而本地管理层可能不理解这一点。	 
zh	160	665	Omission	end	They often have more autonomy than conventional team members as their teams may meet according to varying time zones which may not be understood by their local management.	他们往往比传统的团队成员拥有更多的自主权，因为他们的团队可能会针对不同的时区安排开会时间，而本地管理层可能不理解这一点。	他们往往比传统的团队成员拥有更多的自主权，因为他们的团队可能会<v></v>安排开会时间，而本地管理层可能不理解这一点。	 
zh	161	668	Omission	head	Why would an organization want to go through the time consuming process of establishing a learning organization? One goal for putting organizational learning concepts into practice is innovation.	为什么一个组织要花这么长时间来建立学习型组织呢？将组织学习的概念付诸实践的目标之一就是创新。	为什么一个组织要<v></v>来建立学习型组织呢？将组织学习的概念付诸实践的目标之一就是创新。	 
zh	162	668	Omission	end	Why would an organization want to go through the time consuming process of establishing a learning organization? One goal for putting organizational learning concepts into practice is innovation.	为什么一个组织要花这么长时间来建立学习型组织呢？将组织学习的概念付诸实践的目标之一就是创新。	为什么一个组织要花这么长时间来建立学习型组织呢？将组织学习的概念付诸实践的<v></v>就是创新。	 
zh	163	673	Omission	head	Neurobiological data provide physical evidence for a theoretical approach to the investigation of cognition. Therefore it narrows the research area and makes it much more exact.	神经生物学数据为认知研究的理论方法提供了物理证据。因此，它缩小了研究范围，并使研究更加精确。	神经生物学数据为认知研究的<v></v>提供了物理证据。因此，它缩小了研究范围，并使研究更加精确。	 
zh	164	673	Omission	end	Neurobiological data provide physical evidence for a theoretical approach to the investigation of cognition. Therefore it narrows the research area and makes it much more exact.	神经生物学数据为认知研究的理论方法提供了物理证据。因此，它缩小了研究范围，并使研究更加精确。	神经生物学数据为认知研究的理论方法提供了物理证据。因此，它缩小了<v></v>，并使研究更加精确。	 
zh	165	678	Omission	head	Although AI has a strong connotation of science fiction, AI forms a very important branch of computer science, dealing with behavior, learning and intelligent adaptation in a machine.	人工智能有很强的科幻色彩，但它其实是计算机科学非常重要的一个分支，研究的是机器的行为、学习和智能适应。	人工智能有很强的科幻色彩，但它其实是<v></v>非常重要的一个分支，研究的是机器的行为、学习和智能适应。	 
zh	166	678	Omission	end	Although AI has a strong connotation of science fiction, AI forms a very important branch of computer science, dealing with behavior, learning and intelligent adaptation in a machine.	人工智能有很强的科幻色彩，但它其实是计算机科学非常重要的一个分支，研究的是机器的行为、学习和智能适应。	人工智能有很强的科幻色彩，但它其实是计算机科学非常重要的一个分支，研究的是<v></v>、学习和智能适应。	 
zh	167	682	Omission	head	The AI ​​system is now often used in the fields of economics, medicine, engineering and the military, as has been built in several home computer and video game software applications.	人工智能系统现在经常用于经济、医学、工程学和军事领域，有些家用计算机和电子游戏软件应用程序已经有内置的人工智能系统。	人工智能系统现在经常用于经济<v></v>，有些家用计算机和电子游戏软件应用程序已经有内置的人工智能系统。	 
zh	168	682	Omission	end	The AI ​​system is now often used in the fields of economics, medicine, engineering and the military, as has been built in several home computer and video game software applications.	人工智能系统现在经常用于经济、医学、工程学和军事领域，有些家用计算机和电子游戏软件应用程序已经有内置的人工智能系统。	人工智能系统现在经常用于经济、医学、工程学和军事领域，有些家用计算机和电子游戏软件应用程序已经有<v></v>。	 
zh	169	734	Omission	head	The forests aren't just mangrove swamps though — they include some of the last remaining stands of the mighty jungles which once covered the Gangetic plain.	不过，这些森林不仅仅是红树林沼泽，里面还有一些巨大丛林的遗迹，这些丛林曾经长满了恒河平原。	不过，这些<v></v>不仅仅是红树林沼泽，里面还有一些巨大丛林的遗迹，这些丛林曾经长满了恒河平原。	 
zh	170	734	Omission	end	The forests aren't just mangrove swamps though — they include some of the last remaining stands of the mighty jungles which once covered the Gangetic plain.	不过，这些森林不仅仅是红树林沼泽，里面还有一些巨大丛林的遗迹，这些丛林曾经长满了恒河平原。	不过，这些森林不仅仅是红树林沼泽，里面还有一些巨大丛林的遗迹，这些丛林曾经长满了<v></v>。	 
zh	171	761	Omission	head	The winter can be deceptively chilly: temperatures rarely go below freezing, but the wind and humidity combine to make it feel colder than what the thermometer says.	冬天可能会比看上去显得更冷：温度很少低于零度，但当风和湿度结合在一起，会让人感觉比温度计显示的温度要冷。	冬天可能会比看上去显得更冷：<v></v>但当风和湿度结合在一起，会让人感觉比温度计显示的温度要冷。	 
zh	172	761	Omission	end	The winter can be deceptively chilly: temperatures rarely go below freezing, but the wind and humidity combine to make it feel colder than what the thermometer says.	冬天可能会比看上去显得更冷：温度很少低于零度，但当风和湿度结合在一起，会让人感觉比温度计显示的温度要冷。	冬天可能会比看上去显得更冷：温度很少低于零度，但当风和湿度结合在一起，<v></v>比温度计显示的温度要冷。	TRUE
zh	173	766	Omission	head	Each year, dozens of visitors are injured because they didn't keep a proper distance. These animals are large, wild, and potentially dangerous, so give them their space.	每年，数十名游客都会因未能保持适当距离而受伤。这些动物体型庞大，充满野性，具有潜在的危险性，因此请给它们留出一些空间。	每年，<v></v>都会因未能保持适当距离而受伤。这些动物体型庞大，充满野性，具有潜在的危险性，因此请给它们留出一些空间。	 
zh	174	766	Omission	end	Each year, dozens of visitors are injured because they didn't keep a proper distance. These animals are large, wild, and potentially dangerous, so give them their space.	每年，数十名游客都会因未能保持适当距离而受伤。这些动物体型庞大，充满野性，具有潜在的危险性，因此请给它们留出一些空间。	每年，数十名游客都会因未能保持适当距离而受伤。这些动物体型庞大，充满野性，<v></v>因此请给它们留出一些空间。	 
zh	175	793	Omission	head	For some festivals, the vast majority of the attendants to music festivals decide to camp on site, and most attendants consider it a vital part of the experience.	在一些音乐节，绝大多数参加者选择在现场露营，而且大部分参加者认为这是音乐节体验极为重要的一部分。	在一些音乐节，<v></v>选择在现场露营，而且大部分参加者认为这是音乐节体验极为重要的一部分。	 
zh	176	793	Omission	end	For some festivals, the vast majority of the attendants to music festivals decide to camp on site, and most attendants consider it a vital part of the experience.	在一些音乐节，绝大多数参加者选择在现场露营，而且大部分参加者认为这是音乐节体验极为重要的一部分。	在一些音乐节，绝大多数参加者选择在现场露营，而且大部分参加者<v></v>音乐节体验极为重要的一部分。	 
zh	177	801	Omission	head	Some venues offer alcoholic beverages on the house. However, drunkenness impairs judgement, and all good gamblers know the importance of staying sober.	有些场地免费提供酒精饮料。然而，醉酒会削弱人的判断能力，所有优秀的赌徒都知道保持清醒的重要性。	有些场地免费提供酒精饮料。然而，<v></v>人的判断能力，所有优秀的赌徒都知道保持清醒的重要性。	 
zh	178	801	Omission	end	Some venues offer alcoholic beverages on the house. However, drunkenness impairs judgement, and all good gamblers know the importance of staying sober.	有些场地免费提供酒精饮料。然而，醉酒会削弱人的判断能力，所有优秀的赌徒都知道保持清醒的重要性。	有些场地免费提供酒精饮料。然而，醉酒会削弱人的判断能力，所有优秀的赌徒都知道<v></v>。	 
zh	179	822	Omission	head	Filters vary in effectiveness, and should you have a concern, then you should consider buying your water in a sealed bottle from a reputable company.	过滤器的效果各不相同，如果对此有所顾虑，那么您应该考虑购买信誉好的公司生产的密封瓶装水。	过滤器的效果各不相同，<v></v>那么您应该考虑购买信誉好的公司生产的密封瓶装水。	 
zh	180	822	Omission	end	Filters vary in effectiveness, and should you have a concern, then you should consider buying your water in a sealed bottle from a reputable company.	过滤器的效果各不相同，如果对此有所顾虑，那么您应该考虑购买信誉好的公司生产的密封瓶装水。	过滤器的效果各不相同，如果对此有所顾虑，那么您应该考虑购买信誉好的公司生产的<v></v>。	 
zh	181	849	Omission	head	Downhill snowsports, which include skiing and snowboarding, are popular sports involving sliding down snow-covered terrain with skis or a snowboard attached to your feet.	高山滑雪运动包括普通滑雪和雪板滑雪，是非常受欢迎的运动，在这项运动中，滑雪板或滑雪单板会固定在您的双脚上，从白雪覆盖的地形上滑下来。	高山滑雪运动包括普通滑雪和雪板滑雪，<v></v>在这项运动中，滑雪板或滑雪单板会固定在您的双脚上，从白雪覆盖的地形上滑下来。	 
zh	182	849	Omission	end	Downhill snowsports, which include skiing and snowboarding, are popular sports involving sliding down snow-covered terrain with skis or a snowboard attached to your feet.	高山滑雪运动包括普通滑雪和雪板滑雪，是非常受欢迎的运动，在这项运动中，滑雪板或滑雪单板会固定在您的双脚上，从白雪覆盖的地形上滑下来。	高山滑雪运动包括普通滑雪和雪板滑雪，是非常受欢迎的运动，在这项运动中，<v></v>会固定在您的双脚上，从白雪覆盖的地形上滑下来。	 
zh	183	857	Omission	head	Europe is a continent that is relatively small but with many independent countries. Under normal circumstances, travelling through multiple countries would mean having to go through visa applications and passport control multiple times.	欧洲是片面积相对较小但有着许多独立国家的大陆。在通常情况下，穿越多个国家旅行意味着必须多次经历签证申请和护照检查。	欧洲是片面积相对较小但<v></v>的大陆。在通常情况下，穿越多个国家旅行意味着必须多次经历签证申请和护照检查。	 
zh	184	857	Omission	end	Europe is a continent that is relatively small but with many independent countries. Under normal circumstances, travelling through multiple countries would mean having to go through visa applications and passport control multiple times.	欧洲是片面积相对较小但有着许多独立国家的大陆。在通常情况下，穿越多个国家旅行意味着必须多次经历签证申请和护照检查。	欧洲是片面积相对较小但有着许多独立国家的大陆。在通常情况下，穿越多个国家旅行意味着必须<v></v>签证申请和护照检查。	 
zh	185	925	Omission	head	Some cruises feature Berlin, Germany in the brochures. As you can see from the map above Berlin is no where near the sea and a visit to the city is not included in the price of the cruise.	有些邮轮在宣传手册上以德国柏林为亮点。正如从上面地图中看到的那样，柏林并没有靠近大海的地方，而且游船价格并不包括游览这座城市的费用。	有些邮轮在宣传手册上以<v></v>为亮点。正如从上面地图中看到的那样，柏林并没有靠近大海的地方，而且游船价格并不包括游览这座城市的费用。	 
zh	186	925	Omission	end	Some cruises feature Berlin, Germany in the brochures. As you can see from the map above Berlin is no where near the sea and a visit to the city is not included in the price of the cruise.	有些邮轮在宣传手册上以德国柏林为亮点。正如从上面地图中看到的那样，柏林并没有靠近大海的地方，而且游船价格并不包括游览这座城市的费用。	有些邮轮在宣传手册上以德国柏林为亮点。正如从上面地图中看到的那样，柏林并没有靠近大海的地方，而且游<v></v>览这座城市的费用。	 
zh	187	926	Omission	head	Travelling by plane can be a scary experience for people of all ages and backgrounds, particularly if they've not flown before or have experienced a traumatic event.	对于各个年龄和背景的人来说，乘飞机旅行都可能成为恐怖的经历，尤其是在以前从未乘坐过飞机或有过痛苦经历的情况下。	对于各个年龄和背景的人来说，<v></v>都可能成为恐怖的经历，尤其是在以前从未乘坐过飞机或有过痛苦经历的情况下。	 
zh	188	926	Omission	end	Travelling by plane can be a scary experience for people of all ages and backgrounds, particularly if they've not flown before or have experienced a traumatic event.	对于各个年龄和背景的人来说，乘飞机旅行都可能成为恐怖的经历，尤其是在以前从未乘坐过飞机或有过痛苦经历的情况下。	对于各个年龄和背景的人来说，乘飞机旅行都可能成为恐怖的经历，尤其是在以前<v></v>或有过痛苦经历的情况下。	 
zh	189	928	Omission	head	For some, understanding something about how aircraft work and what happens during a flight may help to overcome a fear which is based on the unknown or on not being in control.	对一些人来说，如果要克服因未知事物或不可控制的状况而产生的恐惧，了解飞机的工作原理和飞行的程序可能会有帮助。	对一些人来说，如果要克服<v></v>而产生的恐惧，了解飞机的工作原理和飞行的程序可能会有帮助。	 
zh	190	928	Omission	end	For some, understanding something about how aircraft work and what happens during a flight may help to overcome a fear which is based on the unknown or on not being in control.	对一些人来说，如果要克服因未知事物或不可控制的状况而产生的恐惧，了解飞机的工作原理和飞行的程序可能会有帮助。	对一些人来说，如果要克服因未知事物或不可控制的状况而产生的恐惧，了解飞<v></v>行的程序可能会有帮助。	 
zh	191	932	Omission	head	The only way to get it through faster was to send it as checked luggage. Airline regulations will not allow them to send luggage without a passenger, which is where you come in.	最快的方法就是把它作为托运行李承运。根据航空公司规定，禁止载运未登机旅客的行李，而这时就需要你在场。	最快的方法就是把它作为<v></v>承运。根据航空公司规定，禁止载运未登机旅客的行李，而这时就需要你在场。	 
zh	192	932	Omission	end	The only way to get it through faster was to send it as checked luggage. Airline regulations will not allow them to send luggage without a passenger, which is where you come in.	最快的方法就是把它作为托运行李承运。根据航空公司规定，禁止载运未登机旅客的行李，而这时就需要你在场。	最快的方法就是把它作为托运行李承运。根据航空公司规定，<v></v>而这时就需要你在场。	 
zh	193	936	Omission	head	Airlines know well that there is a certain core group of flyers who are willing to pay top dollar for the privilege of getting somewhere fast and in comfort, and charge accordingly.	航空公司非常清楚，有一些核心乘客愿花高价获得快速、舒适出行的特权，因此航空公司会相应地收取费用。	航空公司非常清楚，有一些<v></v>愿花高价获得快速、舒适出行的特权，因此航空公司会相应地收取费用。	 
zh	194	936	Omission	end	Airlines know well that there is a certain core group of flyers who are willing to pay top dollar for the privilege of getting somewhere fast and in comfort, and charge accordingly.	航空公司非常清楚，有一些核心乘客愿花高价获得快速、舒适出行的特权，因此航空公司会相应地收取费用。	航空公司非常清楚，有一些核心乘客愿花高价获得快速、<v></v>因此航空公司会相应地收取费用。	 
zh	195	944	Omission	head	The broad boulevards, glass-fronted buildings and modern shopping centers are dotted with traditional red-tiled roofs, the 18th century market, and old mosques and churches, although the city has an atmosphere more of Mediterranean Europe than traditional Turkey.	在宽阔的林荫大道、玻璃外墙的建筑和现代化的购物中心之间，散布着传统的红瓦屋顶、18 世纪的市场以及古老的清真寺和教堂，不过这座城市比传统的土耳其更有地中海欧洲的氛围。	在宽阔的林荫大道、玻璃外墙的建筑和<v></v>之间，散布着传统的红瓦屋顶、18 世纪的市场以及古老的清真寺和教堂，不过这座城市比传统的土耳其更有地中海欧洲的氛围。	 
zh	196	944	Omission	end	The broad boulevards, glass-fronted buildings and modern shopping centers are dotted with traditional red-tiled roofs, the 18th century market, and old mosques and churches, although the city has an atmosphere more of Mediterranean Europe than traditional Turkey.	在宽阔的林荫大道、玻璃外墙的建筑和现代化的购物中心之间，散布着传统的红瓦屋顶、18 世纪的市场以及古老的清真寺和教堂，不过这座城市比传统的土耳其更有地中海欧洲的氛围。	在宽阔的林荫大道、玻璃外墙的建筑和现代化的购物中心之间，散布着传统的红瓦屋顶、18<v></v>以及古老的清真寺和教堂，不过这座城市比传统的土耳其更有地中海欧洲的氛围。	 
zh	197	952	Omission	head	There are still many men and women alive who survived their time here, and many more who had loved ones who were murdered or worked to death there, Jews and non-Jews alike.	还是有许多男女在这里幸存了下来，他们如今仍然健在；而更多人的亲人，有的在那里被屠杀，有的一直做苦工到死，犹太人和非犹太人都是如此。	还是有许多男女在这里幸存了下来<v></v>；而更多人的亲人，有的在那里被屠杀，有的一直做苦工到死，犹太人和非犹太人都是如此。	 
zh	198	952	Omission	end	There are still many men and women alive who survived their time here, and many more who had loved ones who were murdered or worked to death there, Jews and non-Jews alike.	还是有许多男女在这里幸存了下来，他们如今仍然健在；而更多人的亲人，有的在那里被屠杀，有的一直做苦工到死，犹太人和非犹太人都是如此。	还是有许多男女在这里幸存了下来，他们如今仍然健在；而更多人的亲人，有的在那里被屠杀，有的一直做苦工到死，<v></v>都是如此。	 
zh	199	974	Omission	head	It also arguably makes reading easier, though writing is somewhat complicated by the need to find out whether a verb or adjective is used in a substantivized form.	这也可以让阅读更轻松，尽管这在一定程度上使书写变得复杂，因为你需要判断动词或形容词是否被用作一种名词化的形式。	这也可以让阅读更轻松，尽管这在一定程度上<v></v>，因为你需要判断动词或形容词是否被用作一种名词化的形式。	 
zh	200	974	Omission	end	It also arguably makes reading easier, though writing is somewhat complicated by the need to find out whether a verb or adjective is used in a substantivized form.	这也可以让阅读更轻松，尽管这在一定程度上使书写变得复杂，因为你需要判断动词或形容词是否被用作一种名词化的形式。	这也可以让阅读更轻松，尽管这在一定程度上使书写变得复杂，因为你需要<v></v>是否被用作一种名词化的形式。	 
zh	201	983	Omission	head	As light pollution in their heyday was not the kind of problem it is today, they are usually located in cities or at campuses, easier to reach than those built in modern times.	由于在其全盛时期的光污染还不像现在这么严重，所以天文台通常建立在城区或校园内，比现代修建的天文台更容易到达。	由于在其全盛时期的<v></v>，所以天文台通常建立在城区或校园内，比现代修建的天文台更容易到达。	 
zh	202	983	Omission	end	As light pollution in their heyday was not the kind of problem it is today, they are usually located in cities or at campuses, easier to reach than those built in modern times.	由于在其全盛时期的光污染还不像现在这么严重，所以天文台通常建立在城区或校园内，比现代修建的天文台更容易到达。	由于在其全盛时期的光污染还不像现在这么严重，所以天文台通常建立在城区或校园内，<v></v>	 
zh	203	1001	Omission	head	More traditional churches often hold an Easter Vigil on Saturday night during the Easter weekend, with the congregations often breaking into celebration at the stroke of midnight to celebrate Christ's resurrection.	更传统的教堂常常在复活节周末的周六晚上举行复活节守夜活动，会众通常在午夜钟声敲响之时涌入庆典，庆祝基督的复活。	更传统的教堂常常在复活节周末的周六晚上举行<v></v>，会众通常在午夜钟声敲响之时涌入庆典，庆祝基督的复活。	 
zh	204	1001	Omission	end	More traditional churches often hold an Easter Vigil on Saturday night during the Easter weekend, with the congregations often breaking into celebration at the stroke of midnight to celebrate Christ's resurrection.	更传统的教堂常常在复活节周末的周六晚上举行复活节守夜活动，会众通常在午夜钟声敲响之时涌入庆典，庆祝基督的复活。	更传统的教堂常常在复活节周末的周六晚上举行复活节守夜活动，会众通常在<v></v>之时涌入庆典，庆祝基督的复活。	 
